{
  "recon_err_min": 1.5614956504292048e-06,
  "recon_err_max": 0.1499500844006103
}